id;fa_type;subtype;doc_ids;doc_id_groups;query;gt_value;gt_unit;source_sections;expected_answerable;math_type;entity_form;hypothesis_link;rationale;window_class;refusal_evidence;gt_correction;reference_decomposition
1;FA-1;basis_kpi;AAPL_2024;AAPL_2024;Wie hoch war der Gesamtumsatz (Total Revenue) von Apple in FY2024?;$391 Mrd;USD_billion;item_7|item_8_income_stmt;true;n/a;name;H1;Basis KPI;;;;Establish Total Revenue for Apple in FY2024.
2;FA-1;basis_kpi;AAPL_2024;AAPL_2024;Wie hoch war das Net Income von Apple in FY2024?;$93.7 Mrd;USD_billion;item_8_income_stmt|item_7;true;n/a;name;H1;Profit;;;;Establish Net Income for Apple in FY2024.
3;FA-1;solvency;AAPL_2024;AAPL_2024;Wie hoch war die Debt-to-Equity Ratio (Gesamtverbindlichkeiten / Gesamtes Eigenkapital) von Apple am Ende von FY2024?;540.9%;percent;item_8_balance_sheet;true;n/a;name;H3;Solvency H3;;;;Establish Total Liabilities for Apple in FY2024.|Establish Total Stockholders' Equity for Apple in FY2024.|Divide Total Liabilities by Total Stockholders' Equity to obtain the ratio.
4;FA-1;basis_kpi;AAPL_2024;AAPL_2024;Wie hoch war der Gesamtumsatz von Apple in FY2023?;$383.3 Mrd;USD_billion;item_7|item_8_income_stmt;true;n/a;name;H1;Basis;;;;Establish total revenue for Apple in FY2023.
5;FA-1;basis_kpi;AAPL_2024;AAPL_2024;Wie hoch war das Net Income von AAPL in FY2023?;$97.0 Mrd;USD_billion;item_8_income_stmt|item_7;true;n/a;ticker;H1;Profit;;;;Establish Net Income for Apple in FY2023.
6;FA-1;basis_kpi;MSFT_2024;MSFT_2024;Wie hoch war der Total Revenue von MSFT in FY2024?;$245.1 Mrd;USD_billion;item_7|item_8_income_stmt;true;n/a;ticker;H1;Basis;;;;Establish Total Revenue for Microsoft in FY2024.
7;FA-1;basis_kpi;MSFT_2024;MSFT_2024;Wie hoch war das Net Income von MSFT in FY2024?;$88.1 Mrd;USD_billion;item_8_income_stmt|item_7;true;n/a;ticker;H1;Profit;;;;Establish Net Income for Microsoft in FY2024.
8;FA-1;solvency;MSFT_2024;MSFT_2024;Wie hoch war die Debt/Equity Ratio (Gesamtverbindlichkeiten / Gesamtes Eigenkapital) von Microsoft in FY2024?;90.8%;percent;item_8_balance_sheet;true;n/a;name;H1;Solvency;;;;Establish Total Liabilities for Microsoft in FY2024.|Establish Total Stockholders' Equity for Microsoft in FY2024.|Divide Total Liabilities by Total Stockholders' Equity to obtain the ratio.
9;FA-1;basis_kpi;MSFT_2024;MSFT_2024;Wie hoch war der Total Revenue von Microsoft in FY2023?;$211.9 Mrd;USD_billion;item_7|item_8_income_stmt;true;n/a;name;H1;Basis;;;;Establish Total Revenue for Microsoft in FY2023.
10;FA-1;basis_kpi;MSFT_2024;MSFT_2024;Wie hoch war das Net Income von MSFT in FY2023?;$72.4 Mrd;USD_billion;item_8_income_stmt|item_7;true;n/a;ticker;H1;Profit;;;;Establish Net Income for Microsoft in FY2023.
11;FA-1;basis_kpi;AMZN_2024;AMZN_2024;Wie hoch war der Total Revenue von Amazon in FY2024?;$638.0 Mrd;USD_billion;item_7|item_8_income_stmt;true;n/a;name;H1;Basis;;;;Establish Total Revenue for Amazon in FY2024.
12;FA-1;basis_kpi;AMZN_2024;AMZN_2024;Wie hoch war das Net Income von Amazon in FY2024?;$59.3 Mrd;USD_billion;item_8_income_stmt|item_7;true;n/a;name;H1;Profit;;;;Establish Net Income for Amazon in FY2024.
13;FA-1;solvency;AMZN_2024;AMZN_2024;Wie hoch war die Debt-to-Equity Ratio (Gesamtverbindlichkeiten / Gesamtes Eigenkapital) von AMZN in FY2024?;118.5%;percent;item_8_balance_sheet;true;n/a;ticker;H1;Solvency;;;;Establish Total Liabilities for Amazon in FY2024.|Establish Total Stockholders' Equity for Amazon in FY2024.|Divide Total Liabilities by Total Stockholders' Equity to obtain the ratio.
14;FA-1;basis_kpi;AMZN_2024;AMZN_2024;Wie hoch war der Total Revenue von AMZN in FY2023?;$574.8 Mrd;USD_billion;item_7|item_8_income_stmt;true;n/a;ticker;H1;Basis;;;;Establish Total Revenue for Amazon in FY2023.
15;FA-1;basis_kpi;AMZN_2024;AMZN_2024;Wie hoch war das Net Income von AMZN in FY2023?;$30.4 Mrd;USD_billion;item_8_income_stmt|item_7;true;n/a;ticker;H1;Profit;;;;Establish Net Income for Amazon in FY2023.
16;FA-1;basis_kpi;GOOGL_2024;GOOGL_2024;Wie hoch war der Total Revenue von GOOGL in FY2024?;$350.0 Mrd;USD_billion;item_7|item_8_income_stmt;true;n/a;ticker;H1;Basis;;;;Establish Total Revenue for Alphabet in FY2024.
17;FA-1;basis_kpi;GOOGL_2024;GOOGL_2024;Wie hoch war das Net Income von Alphabet in FY2024?;$100.1 Mrd;USD_billion;item_8_income_stmt|item_7;true;n/a;name;H1;Profit;;;;Establish Net Income for Alphabet in FY2024.
18;FA-1;solvency;GOOGL_2024;GOOGL_2024;Wie hoch war die Debt/Equity Ratio (Gesamtverbindlichkeiten / Gesamtes Eigenkapital) von Alphabet in FY2024?;38.5%;percent;item_8_balance_sheet;true;n/a;name;H1;Solvency;;;;Establish Total Liabilities for Alphabet in FY2024.|Establish Total Stockholders' Equity for Alphabet in FY2024.|Divide Total Liabilities by Total Stockholders' Equity to obtain the ratio.
19;FA-1;basis_kpi;GOOGL_2024;GOOGL_2024;Wie hoch war der Total Revenue von GOOGL in FY2023?;$307.4 Mrd;USD_billion;item_7|item_8_income_stmt;true;n/a;ticker;H1;Basis;;;;Establish Total Revenue for Alphabet in FY2023.
20;FA-1;basis_kpi;GOOGL_2024;GOOGL_2024;Wie hoch war das Net Income von GOOGL in FY2023?;$73.8 Mrd;USD_billion;item_8_income_stmt|item_7;true;n/a;ticker;H1;Profit;;;;Establish Net Income for Alphabet in FY2023.
21;FA-2;synthesis;AAPL_2024;AAPL_2024;Wie hoch war die Operating Margin von Apple in FY2024?;31.5%;percent;item_7|item_8_income_stmt;true;n/a;name;H2;Synthese H2;;;;Establish Operating Income for Apple in FY2024.|Establish Total Revenue (Net Sales) for Apple in FY2024.|Compute Operating Margin as Operating Income divided by Total Revenue.
22;FA-2;synthesis;AAPL_2024;AAPL_2024;Wie hoch war der Free Cash Flow von AAPL in FY2024?;$108.8 Mrd;USD_billion;item_8_cash_flow|item_7;true;n/a;ticker;H2;Synthese;;;;Establish Cash Generated by Operating Activities for Apple in FY2024.|Establish Payments for Acquisition of Property, Plant and Equipment (Capital Expenditures) for Apple in FY2024.|Compute Free Cash Flow as Operating Cash Flow minus Capital Expenditures.
23;FA-2;segment_share;AAPL_2024;AAPL_2024;Welchen Anteil am Gesamtumsatz von Apple hatten iPhones in FY2024?;51.5%;percent;item_7|item_8_segment;true;n/a;name;H2;Synthese;;;;Establish the revenue of the segment in question for Apple in FY2024.|Establish total revenue for Apple in FY2024.|Express the segment's revenue as a share of the total.
24;FA-2;synthesis;AAPL_2024;AAPL_2024;Wie hoch war die Operating Margin von AAPL in FY2023?;29.8%;percent;item_7|item_8_income_stmt;true;n/a;ticker;H2;Synthese H2;;;;Establish Operating Income for Apple in FY2023.|Establish Total Revenue (Net Sales) for Apple in FY2023.|Compute Operating Margin as Operating Income divided by Total Revenue.
25;FA-2;segment_share;AAPL_2024;AAPL_2024;Wie hoch war der Anteil der R&D-Ausgaben am Umsatz von Apple in FY2023?;7.8%;percent;item_8_income_stmt|item_7;true;n/a;name;H2;Synthese;;;;Establish the revenue of the segment in question for Apple in FY2023.|Establish total revenue for Apple in FY2023.|Express the segment's revenue as a share of the total.
26;FA-2;synthesis;MSFT_2024;MSFT_2024;Wie hoch war die Operating Margin von MSFT in FY2024?;44.6%;percent;item_7|item_8_income_stmt;true;n/a;ticker;H2;Synthese H2;;;;Establish Operating Income for Microsoft in FY2024.|Establish Total Revenue (Net Sales) for Microsoft in FY2024.|Compute Operating Margin as Operating Income divided by Total Revenue.
27;FA-2;segment_share;MSFT_2024;MSFT_2024;Welchen Anteil am Gesamtumsatz von Microsoft hatte Intelligent-Cloud in FY2024?;43.0%;percent;item_8_segment|item_7;true;n/a;name;H3;Synthese H3;;;;Establish the revenue of the segment in question for Microsoft in FY2024.|Establish total revenue for Microsoft in FY2024.|Express the segment's revenue as a share of the total.
28;FA-2;segment_margin;MSFT_2024;MSFT_2024;Wie hoch war die Profit Margin des Cloud-Segments von Microsoft in FY2024?;47.1%;percent;item_7|item_8_segment;true;n/a;name;H2;Synthese;;;;Establish the revenue of the segment in question for Microsoft in FY2024.|Establish the operating result of that segment for Microsoft in FY2024.|Divide the segment result by the segment revenue to obtain the margin.
29;FA-2;synthesis;MSFT_2024;MSFT_2024;Wie hoch war die Operating Margin von MSFT in FY2023?;41.8%;percent;item_7|item_8_income_stmt;true;n/a;ticker;H2;Synthese;;;;Establish Operating Income for Microsoft in FY2023.|Establish Total Revenue (Net Sales) for Microsoft in FY2023.|Compute Operating Margin as Operating Income divided by Total Revenue.
30;FA-2;synthesis;MSFT_2024;MSFT_2024;Wie hoch waren die Capital Expenditures (CapEx) von Microsoft in FY2023?;$28.1 Mrd;USD_billion;item_8_cash_flow|item_7;true;n/a;name;H2;Synthese;;;;Establish Capital Expenditures (CapEx) for Microsoft in FY2023.
31;FA-2;synthesis;AMZN_2024;AMZN_2024;Wie hoch war die gesamte Operating Margin von AMZN in FY2024?;10.8%;percent;item_7|item_8_income_stmt;true;n/a;ticker;H2;Synthese H2;;;;Establish Operating Income for Amazon in FY2024.|Establish Total Revenue (Net Sales) for Amazon in FY2024.|Compute Operating Margin as Operating Income divided by Total Revenue.
32;FA-2;segment_margin;AMZN_2024;AMZN_2024;Wie hoch war die Operating Margin des AWS-Segments von AMZN in FY2024?;37.0%;percent;item_8_segment|item_7;true;n/a;ticker;H3;Synthese H3;;;;Establish the revenue of the segment in question for Amazon in FY2024.|Establish the operating result of that segment for Amazon in FY2024.|Divide the segment result by the segment revenue to obtain the margin.
33;FA-2;synthesis;AMZN_2024;AMZN_2024;Wie hoch war der Gewinn oder Verlust des International-Segments von AMZN in FY2024?;$3.8 Mrd;USD_billion;item_8_segment|item_7;true;n/a;ticker;H2;Synthese;;;;Establish Operating Income (Loss) of the International segment for Amazon in FY2024.
34;FA-2;synthesis;AMZN_2024;AMZN_2024;Wie hoch war die gesamte Operating Margin von Amazon in FY2023?;6.4%;percent;item_7|item_8_income_stmt;true;n/a;name;H2;Synthese H2;;;;Establish Operating Income for Amazon in FY2023.|Establish Total Revenue (Net Sales) for Amazon in FY2023.|Compute Operating Margin as Operating Income divided by Total Revenue.
35;FA-2;segment_share;AMZN_2024;AMZN_2024;Welchen Anteil am Gesamtumsatz von AMZN hatte AWS in FY2023?;15.8%;percent;item_8_segment|item_7;true;n/a;ticker;H2;Synthese;;;;Establish the revenue of the segment in question for Amazon in FY2023.|Establish total revenue for Amazon in FY2023.|Express the segment's revenue as a share of the total.
36;FA-2;synthesis;GOOGL_2024;GOOGL_2024;Wie hoch war die Operating Margin von Alphabet in FY2024?;32.1%;percent;item_7|item_8_income_stmt;true;n/a;name;H2;Synthese H2;;;;Establish Operating Income for Alphabet in FY2024.|Establish Total Revenue (Net Sales) for Alphabet in FY2024.|Compute Operating Margin as Operating Income divided by Total Revenue.
37;FA-2;segment_margin;GOOGL_2024;GOOGL_2024;Wie hoch war die Operating Margin des Google-Cloud-Segments von GOOGL in FY2024?;14.1%;percent;item_8_segment|item_7;true;n/a;ticker;H3;Synthese H3;;;;Establish the revenue of the segment in question for Alphabet in FY2024.|Establish the operating result of that segment for Alphabet in FY2024.|Divide the segment result by the segment revenue to obtain the margin.
38;FA-2;segment_share;GOOGL_2024;GOOGL_2024;Welchen Anteil am Gesamtumsatz von Alphabet hatte der Werbeumsatz in FY2024?;75.6%;percent;item_7|item_8_segment;true;n/a;name;H2;Synthese;;;;Establish the revenue of the segment in question for Alphabet in FY2024.|Establish total revenue for Alphabet in FY2024.|Express the segment's revenue as a share of the total.
39;FA-2;synthesis;GOOGL_2024;GOOGL_2024;Wie hoch war die Operating Margin von GOOGL in FY2023?;27.4%;percent;item_7|item_8_income_stmt;true;n/a;ticker;H2;Synthese H2;;;;Establish Operating Income for Alphabet in FY2023.|Establish Total Revenue (Net Sales) for Alphabet in FY2023.|Compute Operating Margin as Operating Income divided by Total Revenue.
40;FA-2;ratio_compute;GOOGL_2022;GOOGL_2022;Wie hoch war der Umsatz je Mitarbeiter von Alphabet in FY2022?;$1.49 Mio.;USD_million;item_1|item_7;true;n/a;name;H2;"Cross-Section innerhalb eines Berichts: Umsatz aus Item 7, Mitarbeiterzahl aus Item 1. 282.836 Mio USD / 190.234 = 1.486.779 USD. Ersetzt die urspruengliche Headcount-Entwicklungsfrage zu FY2023: kein Bericht des Korpus {2020, 2022, 2024} nennt zwei Jahresstaende, und GOOGLs FY2024-Bericht nennt als einziger gar keine Mitarbeiterzahl. Quellen: GOOGL/10K_2023-02-03.md:800 (Umsatz, MD&A) ; GOOGL/10K_2023-02-03.md:179 (Mitarbeiter, Business)";;;;Establish Total Revenue for Alphabet in FY2022.|Establish the number of employees (headcount) for Alphabet at the end of FY2022.|Compute revenue per employee as Total Revenue divided by headcount.
41;FA-3;growth_yoy;AAPL_2022|AAPL_2024;AAPL_2022+AAPL_2024|AAPL_2024;Wie hoch war das Umsatzwachstum von Apple in FY2024 im Vergleich zu FY2022?;-0.8%;percent;item_7|item_8_income_stmt;true;yoy;name;H1;H1 Cross-Doc;within_window;;;Establish revenue for Apple in FY2022.|Establish revenue for Apple in FY2024.|Compute the change between the two figures.
42;FA-3;growth_yoy;AAPL_2020|AAPL_2022|AAPL_2024;AAPL_2020+AAPL_2022|AAPL_2024;Wie hoch war das Umsatzwachstum von Apple in FY2024 im Vergleich zu FY2020?;+42.4%;percent;item_8_income_stmt|item_7;true;yoy;ticker;H1;"Cross-window: (391,035 - 274,515) / 274,515 = 42.4458% — Quellen: AAPL/10K_2020-10-30.md:407 ; AAPL/10K_2024-11-01.md:471";cross_window;;;Establish total revenue for Apple in FY2020.|Establish total revenue for Apple in FY2024.|Compute the change between the two figures.
43;FA-3;growth_yoy;AAPL_2020|AAPL_2022|AAPL_2024;AAPL_2020+AAPL_2022|AAPL_2024;Wie hat sich das Nettoergebnis von Apple von FY2020 bis FY2024 verändert?;+63.3%;percent;item_8_income_stmt|item_7;true;yoy;ticker;H1;"Cross-window: (93,736 - 57,411) / 57,411 = 63.2718% — Quellen: AAPL/10K_2020-10-30.md:1129 ; AAPL/10K_2024-11-01.md:731";cross_window;;;Establish Net Income for Apple in FY2020.|Establish Net Income for Apple in FY2024.|Compute the change between the two figures.
44;FA-3;trend_qualitative;AAPL_2020|AAPL_2022|AAPL_2024;AAPL_2020+AAPL_2022|AAPL_2022+AAPL_2024|AAPL_2024;Was war der Gesamttrend der Operating Margin von Apple von FY2020 bis FY2024 — steigend, fallend, oder in etwa gleichbleibend? Eine Jahr-für-Jahr-Aufschlüsselung kann als unterstützender Beleg angegeben werden, aber die Gesamtrichtung muss explizit genannt werden.;Steigend;text;item_8_income_stmt|item_7;true;none;name;H1;"Cross-window: FY2020=24.15% ; FY2022=30.29% ; FY2024=31.51% — Quellen: AAPL/10K_2020-10-30.md:859 ; AAPL/10K_2020-10-30.md:407 ; AAPL/10K_2024-11-01.md:727 ; AAPL/10K_2024-11-01.md:471 ; AAPL/10K_2024-11-01.md:727 ; AAPL/10K_2024-11-01.md:471";cross_window;;;Establish Operating Margin for Apple in FY2020.|Establish Operating Margin for Apple in FY2024.|State the overall direction of the development.
45;FA-3;growth_yoy;AAPL_2022|AAPL_2024;AAPL_2022+AAPL_2024|AAPL_2024;Wie haben sich die R&D-Ausgaben von Apple von FY2022 auf FY2024 verändert?;+$5.1 Mrd;USD_billion;item_8_income_stmt|item_7;true;yoy;name;H1;H1;within_window;;;Establish R&D expenses for Apple in FY2022.|Establish R&D expenses for Apple in FY2024.|Compute the change between the two figures.
46;FA-3;growth_yoy;MSFT_2022|MSFT_2024;MSFT_2022+MSFT_2024|MSFT_2024;Wie hat sich das Net Income von Microsoft von FY2022 auf FY2024 verändert?;21.2%;percent;item_8_income_stmt|item_7;true;yoy;name;H1;H1 Cross-Doc;within_window;;;Establish Net Income for Microsoft in FY2022.|Establish Net Income for Microsoft in FY2024.|Compute the change between the two figures.
47;FA-3;growth_yoy;MSFT_2020|MSFT_2022|MSFT_2024;MSFT_2020+MSFT_2022|MSFT_2024;Wie hoch war das Umsatzwachstum von Microsoft in FY2024 im Vergleich zu FY2020?;+71.4%;percent;item_8_income_stmt|item_7;true;yoy;ticker;H1;"Cross-window: (245,122 - 143,015) / 143,015 = 71.3960% — Quellen: MSFT/10K_2020-07-30.md:957 ; MSFT/10K_2024-07-30.md:875";cross_window;;;Establish total revenue for Microsoft in FY2020.|Establish total revenue for Microsoft in FY2024.|Compute the change between the two figures.
48;FA-3;growth_yoy;MSFT_2020|MSFT_2022|MSFT_2024;MSFT_2020+MSFT_2022|MSFT_2024;Wie hat sich das Nettoergebnis von Microsoft von FY2020 bis FY2024 verändert?;+99.0%;percent;item_8_income_stmt|item_7;true;yoy;name;H1;"Cross-window: (88,136 - 44,281) / 44,281 = 99.0380% — Quellen: MSFT/10K_2020-07-30.md:997 ; MSFT/10K_2024-07-30.md:901";cross_window;;;Establish Net Income for Microsoft in FY2020.|Establish Net Income for Microsoft in FY2024.|Compute the change between the two figures.
49;FA-3;trend_qualitative;MSFT_2022|MSFT_2024;MSFT_2022+MSFT_2024|MSFT_2024|MSFT_2024;Was war der Gesamttrend der Capital Expenditures (CapEx) von Microsoft von FY2022 bis FY2024 — steigend, fallend, oder in etwa gleichbleibend? Eine Jahr-für-Jahr-Aufschlüsselung kann als unterstützender Beleg angegeben werden, aber die Gesamtrichtung muss explizit genannt werden.;Stark steigend;text;item_8_cash_flow;true;none;name;H1;H1 Trend;within_window;;;Establish Capital Expenditures (CapEx) for Microsoft in FY2022.|Establish Capital Expenditures (CapEx) for Microsoft in FY2024.|State the overall direction of the development.
50;FA-3;growth_yoy;MSFT_2022|MSFT_2024;MSFT_2022|MSFT_2024;Wie hat sich die Mitarbeiterzahl von Microsoft von FY2022 auf FY2024 verändert?;+7,000;count;item_1;true;yoy;name;H1;H1;within_window;;;Establish the number of employees for Microsoft in FY2022.|Establish the number of employees for Microsoft in FY2024.|Compute the change between the two figures.
51;FA-3;growth_yoy;AMZN_2022|AMZN_2024;AMZN_2022+AMZN_2024|AMZN_2024;Wie hoch war das Wachstum des AWS-Umsatzes von AMZN von FY2022 auf FY2024?;34.3%;percent;item_8_segment|item_7;true;yoy;ticker;H1;H1 Cross-Doc;within_window;;;Establish AWS revenue for Amazon in FY2022.|Establish AWS revenue for Amazon in FY2024.|Compute the change between the two figures.
52;FA-3;growth_yoy;AMZN_2020|AMZN_2022|AMZN_2024;AMZN_2020+AMZN_2022|AMZN_2024;Wie hoch war das Umsatzwachstum von Amazon in FY2024 im Vergleich zu FY2020?;+65.2%;percent;item_8_income_stmt|item_7;true;yoy;name;H1;"Cross-window: (637,959 - 386,064) / 386,064 = 65.2470% — Quellen: AMZN/10K_2021-02-03.md:1066 ; AMZN/10K_2025-02-07.md:1015";cross_window;;;Establish total revenue for Amazon in FY2020.|Establish total revenue for Amazon in FY2024.|Compute the change between the two figures.
53;FA-3;growth_yoy;AMZN_2020|AMZN_2022|AMZN_2024;AMZN_2020+AMZN_2022|AMZN_2024;Wie hat sich das Nettoergebnis von Amazon von FY2020 bis FY2024 verändert?;+177.8%;percent;item_8_income_stmt|item_7;true;yoy;ticker;H1;"Cross-window: (59,248 - 21,331) / 21,331 = 177.7554% — Quellen: AMZN/10K_2021-02-03.md:983 ; AMZN/10K_2025-02-07.md:967";cross_window;;;Establish Net Income for Amazon in FY2020.|Establish Net Income for Amazon in FY2024.|Compute the change between the two figures.
54;FA-3;trend_qualitative;AMZN_2022|AMZN_2024;AMZN_2022+AMZN_2024|AMZN_2024|AMZN_2024;Was war der Gesamttrend der Operating Margin des AWS-Segments von Amazon von FY2022 bis FY2024 — steigend, fallend, oder gemischt? Eine Jahr-für-Jahr-Aufschlüsselung kann als unterstützender Beleg angegeben werden, aber die Gesamtrichtung muss explizit genannt werden.;Fallend dann steigend;text;item_8_segment|item_7;true;none;name;H1;H1 Trend;within_window;;;Establish AWS segment Operating Margin for Amazon in FY2022.|Establish AWS segment Operating Margin for Amazon in FY2024.|State the overall direction of the development.
55;FA-3;growth_yoy;AMZN_2022|AMZN_2024;AMZN_2022|AMZN_2024;Wie haben sich die Fulfillment Costs von AMZN von FY2022 auf FY2024 verändert?;+$14.2 Mrd;USD_billion;item_7|item_8_income_stmt;true;yoy;ticker;H1;H1;within_window;;;Establish Fulfillment Costs for Amazon in FY2022.|Establish Fulfillment Costs for Amazon in FY2024.|Compute the change between the two figures.
56;FA-3;growth_yoy;GOOGL_2020|GOOGL_2022|GOOGL_2024;GOOGL_2020+GOOGL_2022|GOOGL_2024;Wie hoch war das Umsatzwachstum von Alphabet in FY2024 im Vergleich zu FY2020?;+91.8%;percent;item_8_income_stmt|item_7;true;yoy;ticker;H1;"Cross-window: (350,018 - 182,527) / 182,527 = 91.7623% — Quellen: GOOGL/10K_2021-02-03.md:701 ; GOOGL/10K_2025-02-05.md:21";cross_window;;;Establish total revenue for Alphabet in FY2020.|Establish total revenue for Alphabet in FY2024.|Compute the change between the two figures.
57;FA-3;growth_yoy;GOOGL_2020|GOOGL_2022|GOOGL_2024;GOOGL_2020+GOOGL_2022|GOOGL_2024;Wie hat sich das Nettoergebnis von Alphabet von FY2020 bis FY2024 verändert?;+148.6%;percent;item_8_income_stmt|item_7;true;yoy;ticker;H1;"Cross-window: (100,118 - 40,269) / 40,269 = 148.6230% — Quellen: GOOGL/10K_2021-02-03.md:1764 ; GOOGL/10K_2025-02-05.md:21";cross_window;;;Establish Net Income for Alphabet in FY2020.|Establish Net Income for Alphabet in FY2024.|Compute the change between the two figures.
58;FA-4;cross_firm_pairwise;AAPL_2024|MSFT_2024;AAPL_2024|MSFT_2024;Welches Unternehmen hatte mehr Gesamtumsatz in FY2024, AAPL oder MSFT?;AAPL ($391 Mrd > MSFT $245 Mrd);USD_billion;item_7|item_8_income_stmt;true;n/a;ticker;H1|H3;H4 Cross-Firm;;;;Establish Total Revenue for Apple in FY2024.|Establish Total Revenue for Microsoft in FY2024.|Compare the figures and name the company asked for.
59;FA-4;cross_firm_pairwise;AAPL_2024|MSFT_2024;AAPL_2024|MSFT_2024;Welches Unternehmen hatte das höhere Net Income in FY2024, Apple oder Microsoft?;AAPL ($93.7 Mrd > MSFT $88.1 Mrd);USD_billion;item_8_income_stmt|item_7;true;n/a;name;H1|H3;H4 Cross-Firm;;;;Establish Net Income for Apple in FY2024.|Establish Net Income for Microsoft in FY2024.|Compare the figures and name the company asked for.
60;FA-4;cross_firm_diff;AMZN_2024|GOOGL_2024;AMZN_2024|GOOGL_2024;Wie hoch war die Differenz im Gesamtumsatz zwischen Amazon und Alphabet in FY2024?;$287.9 Mrd;USD_billion;item_7|item_8_income_stmt;true;n/a;name;H1|H3;H4 Cross-Firm;;;;Establish difference in total revenue between and Alphabet for Amazon in FY2024.|Establish difference in total revenue between and Alphabet for Alphabet in FY2024.|Compute the difference between the figures.
61;FA-4;cross_firm_pairwise;GOOGL_2024|MSFT_2024;MSFT_2024|GOOGL_2024;Welches Unternehmen hatte mehr Net Income in FY2024, Microsoft oder Alphabet?;GOOGL ($100.1 Mrd > MSFT $88.1 Mrd);USD_billion;item_8_income_stmt|item_7;true;n/a;name;H1|H3;H4 Cross-Firm;;;;Establish Net Income for Alphabet in FY2024.|Establish Net Income for Microsoft in FY2024.|Compare the figures and name the company asked for.
62;FA-4;cross_firm_pairwise;AAPL_2024|AMZN_2024;AAPL_2024|AMZN_2024;Welches Unternehmen hatte den höheren Gesamtumsatz in FY2024, Apple oder Amazon?;AMZN ($638 Mrd > AAPL $391 Mrd);USD_billion;item_7|item_8_income_stmt;true;n/a;name;H1|H3;H4 Cross-Firm;;;;Establish Total Revenue for Apple in FY2024.|Establish Total Revenue for Amazon in FY2024.|Compare the figures and name the company asked for.
63;FA-4;cross_firm_pairwise;AAPL_2024|MSFT_2024;AAPL_2024|MSFT_2024;Wer hatte die höhere Operating Margin in FY2024, AAPL oder MSFT?;MSFT (44.6% > AAPL 31.5%);percent;item_7|item_8_income_stmt;true;n/a;ticker;H1|H3;H4 Margin;;;;Establish Operating Margin for Apple in FY2024.|Establish Operating Margin for Microsoft in FY2024.|Compare the figures and name the company asked for.
64;FA-4;cross_firm_pairwise;AMZN_2024|GOOGL_2024;AMZN_2024|GOOGL_2024;Wer hatte die höhere Operating Margin in FY2024, Amazon oder Alphabet?;GOOGL (32.1% > AMZN 10.7%);percent;item_7|item_8_income_stmt;true;n/a;name;H1|H3;H4 Margin;;;;Establish Operating Margin for Amazon in FY2024.|Establish Operating Margin for Alphabet in FY2024.|Compare the figures and name the company asked for.
65;FA-4;cross_firm_pairwise;AAPL_2024|AMZN_2024;AAPL_2024|AMZN_2024;Ist die Debt/Equity Ratio von Apple höher als die von Amazon in FY2024?;Ja (540.9% > 118.5%);text;item_8_balance_sheet;true;n/a;name;H1|H3;H4 Solvency;;;;Establish the Debt/Equity Ratio for Apple in FY2024.|Establish the Debt/Equity Ratio for Amazon in FY2024.|Compare the two ratios and answer whether Apple's is higher.
66;FA-4;cross_firm_pairwise;GOOGL_2024|MSFT_2024;MSFT_2024|GOOGL_2024;Wer hat die niedrigere Debt/Equity Ratio in FY2024, MSFT oder GOOGL?;GOOGL (38.5% < MSFT 90.8%);percent;item_8_balance_sheet;true;n/a;ticker;H1|H3;H4 Solvency;;;;Establish the Debt/Equity Ratio for Microsoft in FY2024.|Establish the Debt/Equity Ratio for Alphabet in FY2024.|Compare the figures and name the company asked for.
67;FA-4;cross_firm_pairwise;AAPL_2024|GOOGL_2024;AAPL_2024|GOOGL_2024;Wer hatte die höhere Gross Margin in FY2024, AAPL oder GOOGL?;GOOGL (~58.2% > AAPL ~46.2%);percent;item_7|item_8_income_stmt;true;n/a;ticker;H1|H3;H4 Margin;;;;Establish Gross Margin for Apple in FY2024.|Establish Gross Margin for Alphabet in FY2024.|Compare the figures and name the company asked for.
68;FA-4;cloud_comparison;AMZN_2024|MSFT_2024;MSFT_2024|AMZN_2024;Cloud-Segment: Wer hatte mehr Umsatz in FY2024, AMZN mit AWS oder MSFT mit Intelligent Cloud?;AWS ($107.6 Mrd > Intelligent Cloud $105.4 Mrd);USD_billion;item_8_segment|item_7;true;n/a;ticker;H1|H3;H4 Cloud;;;;Establish AWS segment revenue for Amazon in FY2024.|Establish Intelligent Cloud segment revenue for Microsoft in FY2024.|Compare the figures and name the company asked for.
69;FA-4;cloud_comparison;GOOGL_2024|MSFT_2024;MSFT_2024|GOOGL_2024;Cloud-Segment: Wer hatte mehr Umsatz in FY2024, MSFT mit Intelligent-Cloud oder GOOGL mit Google Cloud?;Intelligent Cloud ($105.4 Mrd > Google Cloud $43.2 Mrd);USD_billion;item_8_segment|item_7;true;n/a;ticker;H1|H3;H4 Cloud;;;;Establish Intelligent Cloud segment revenue for Microsoft in FY2024.|Establish Google Cloud segment revenue for Alphabet in FY2024.|Compare the figures and name the company asked for.
70;FA-4;cross_firm_pairwise_growth;AAPL_2024|MSFT_2024;AAPL_2024|AAPL_2024|MSFT_2024|MSFT_2024;Wer hatte das höhere YoY-Umsatzwachstum von FY2023 auf FY2024, Apple oder Microsoft?;MSFT (15.7% > AAPL 2.0%);percent;item_7|item_8_income_stmt;true;n/a;name;H1|H3;H4 Growth;;;;Establish YoY revenue for Apple in FY2023.|Establish YoY revenue for Apple in FY2024.|Establish YoY revenue for Microsoft in FY2023.|Establish YoY revenue for Microsoft in FY2024.|Compute the growth rate for each company.|Compare the growth rates and name the company asked for.
71;FA-4;cross_firm_pairwise_growth;AMZN_2024|GOOGL_2024;AMZN_2024|AMZN_2024|GOOGL_2024|GOOGL_2024;Wer hatte das höhere YoY-Net-Income-Wachstum von FY2023 auf FY2024, AMZN oder GOOGL?;AMZN (+94.7% > GOOGL +35.7%);percent;item_8_income_stmt|item_7;true;n/a;ticker;H1|H3;H4 Growth;;;;Establish YoY Net Income for Amazon in FY2023.|Establish YoY Net Income for Amazon in FY2024.|Establish YoY Net Income for Alphabet in FY2023.|Establish YoY Net Income for Alphabet in FY2024.|Compute the growth rate for each company.|Compare the growth rates and name the company asked for.
72;FA-4;cross_firm_pairwise;AAPL_2024|AMZN_2024;AAPL_2024|AMZN_2024;Wer generierte mehr Operating Cash Flow in FY2024, Apple oder Amazon?;AAPL ($118.3 Mrd > AMZN $115.9 Mrd);USD_billion;item_8_cash_flow;true;n/a;name;H1|H3;H4 Cash Flow;;;;Establish Operating Cash Flow for Apple in FY2024.|Establish Operating Cash Flow for Amazon in FY2024.|Compare the figures and name the company asked for.
73;FA-4;max_min;AAPL_2024|AMZN_2024|GOOGL_2024|MSFT_2024;AAPL_2024|MSFT_2024|AMZN_2024|GOOGL_2024;Welches der 4 Unternehmen (AAPL, MSFT, AMZN, GOOGL) hatte den höchsten Gesamtumsatz in FY2024?;AMZN ($638 Mrd);USD_billion;item_7|item_8_income_stmt;true;n/a;ticker;H1|H3;H4 Max/Min;;;;Establish total revenue for Apple in FY2024.|Establish total revenue for Amazon in FY2024.|Establish total revenue for Alphabet in FY2024.|Establish total revenue for Microsoft in FY2024.|Compare the figures and name the company asked for.
74;FA-4;max_min;AAPL_2024|AMZN_2024|GOOGL_2024|MSFT_2024;AAPL_2024|MSFT_2024|AMZN_2024|GOOGL_2024;Welches der 4 Unternehmen (Apple, Microsoft, Amazon, Alphabet) hatte das höchste Net Income in FY2024?;GOOGL ($100.1 Mrd);USD_billion;item_8_income_stmt|item_7;true;n/a;name;H1|H3;H4 Max/Min;;;;Establish Net Income for Apple in FY2024.|Establish Net Income for Amazon in FY2024.|Establish Net Income for Alphabet in FY2024.|Establish Net Income for Microsoft in FY2024.|Compare the figures and name the company asked for.
75;FA-4;max_min;AAPL_2024|AMZN_2024|GOOGL_2024|MSFT_2024;AAPL_2024|MSFT_2024|AMZN_2024|GOOGL_2024;Welches der 4 Unternehmen (AAPL, MSFT, AMZN, GOOGL) hatte die höchste Operating Margin in FY2024?;MSFT (44.6%);percent;item_7|item_8_income_stmt;true;n/a;ticker;H1|H3;H4 Max/Min;;;;Establish Operating Margin for Apple in FY2024.|Establish Operating Margin for Amazon in FY2024.|Establish Operating Margin for Alphabet in FY2024.|Establish Operating Margin for Microsoft in FY2024.|Compare the figures and name the company asked for.
76;FA-4;max_min;AAPL_2024|AMZN_2024|GOOGL_2024|MSFT_2024;AAPL_2024|MSFT_2024|AMZN_2024|GOOGL_2024;Welches der 4 Unternehmen (Apple, Microsoft, Amazon, Alphabet) hatte den niedrigsten Gesamtumsatz in FY2024?;MSFT ($245.1 Mrd);USD_billion;item_7|item_8_income_stmt;true;n/a;name;H1|H3;H4 Max/Min;;;;Establish total revenue for Apple in FY2024.|Establish total revenue for Amazon in FY2024.|Establish total revenue for Alphabet in FY2024.|Establish total revenue for Microsoft in FY2024.|Compare the figures and name the company asked for.
77;FA-4;max_min;AAPL_2024|AMZN_2024|GOOGL_2024|MSFT_2024;AAPL_2024|MSFT_2024|AMZN_2024|GOOGL_2024;Welches der 4 Unternehmen (AAPL, MSFT, AMZN, GOOGL) hat die höchste Debt/Equity Ratio in FY2024?;AAPL (540.9%);percent;item_8_balance_sheet;true;n/a;ticker;H1|H3;H4 Max/Min;;;;Establish Debt/Equity Ratio for Apple in FY2024.|Establish Debt/Equity Ratio for Amazon in FY2024.|Establish Debt/Equity Ratio for Alphabet in FY2024.|Establish Debt/Equity Ratio for Microsoft in FY2024.|Compare the figures and name the company asked for.
78;FA-1;basis_kpi;AAPL_2022|AAPL_2024;AAPL_2022+AAPL_2024;Wie hoch war der Gesamtumsatz (Total Revenue) von Apple in FY2022?;$394.3 Mrd;USD_billion;item_7|item_8_income_stmt;true;n/a;name;H1;FY2022 Single-Fact baseline, deckt Vor-Lücke;;;;Establish Total Revenue for Apple in FY2022.
79;FA-1;basis_kpi;MSFT_2022;MSFT_2022;Wie hoch war der Total Revenue von MSFT in FY2022?;$198.3 Mrd;USD_billion;item_7|item_8_income_stmt;true;n/a;ticker;H1;FY2022 Single-Fact baseline, deckt Vor-Lücke;;;;Establish Total Revenue for Microsoft in FY2022.
80;FA-1;basis_kpi;AMZN_2022;AMZN_2022;Wie hoch war der Gesamtumsatz von Amazon in FY2022?;$514.0 Mrd;USD_billion;item_7|item_8_income_stmt;true;n/a;name;H1;FY2022 Single-Fact baseline, deckt Vor-Lücke;;;;Establish Total Revenue for Amazon in FY2022.
81;FA-1;basis_kpi;GOOGL_2022;GOOGL_2022;Wie hoch war der Total Revenue von GOOGL in FY2022?;$282.8 Mrd;USD_billion;item_7|item_8_income_stmt;true;n/a;ticker;H1;FY2022 Single-Fact baseline, deckt Vor-Lücke;;;;Establish Total Revenue for Alphabet in FY2022.
82;FA-1;basis_kpi;AAPL_2024;AAPL_2024;Wie hoch war das Operating Income von Apple in FY2024?;$123.2 Mrd;USD_billion;item_8_income_stmt|item_7;true;n/a;name;H1;Operating Income als zusätzliche Basis-KPI über die 4 Firmen;;;;Establish Operating Income for Apple in FY2024.
83;FA-1;basis_kpi;MSFT_2024;MSFT_2024;Wie hoch war das Operating Income von MSFT in FY2024?;$109.4 Mrd;USD_billion;item_8_income_stmt|item_7;true;n/a;ticker;H1;Operating Income als zusätzliche Basis-KPI über die 4 Firmen;;;;Establish Operating Income for Microsoft in FY2024.
84;FA-1;basis_kpi;AMZN_2024;AMZN_2024;Wie hoch war das Operating Income von Amazon in FY2024?;$68.6 Mrd;USD_billion;item_8_income_stmt|item_7;true;n/a;name;H1;Operating Income als zusätzliche Basis-KPI über die 4 Firmen;;;;Establish Operating Income for Amazon in FY2024.
85;FA-1;basis_kpi;GOOGL_2024;GOOGL_2024;Wie hoch war das Operating Income von GOOGL in FY2024?;$112.4 Mrd;USD_billion;item_8_income_stmt|item_7;true;n/a;ticker;H1;Operating Income als zusätzliche Basis-KPI über die 4 Firmen;;;;Establish Operating Income for Alphabet in FY2024.
86;FA-1;liquidity;AAPL_2024;AAPL_2024;Wie hoch waren die Cash and Cash Equivalents von Apple zum Ende von FY2024?;$29.9 Mrd;USD_billion;item_8_balance_sheet|item_7;true;n/a;name;H1;Liquidity-KPI als zusätzliche Single-Fact-Variation;;;;Establish Cash and Cash Equivalents for Apple in FY2024.
87;FA-1;eps;MSFT_2024;MSFT_2024;Wie hoch war das Diluted EPS von MSFT in FY2024?;$11.80;USD_per_share;item_8_income_stmt|item_7;true;n/a;ticker;H1;EPS als zusätzliche Single-Fact-Variation;;;;Establish Diluted EPS for Microsoft in FY2024.
88;FA-2;ratio_compute;AAPL_2024;AAPL_2024;Wie hoch war die R&D-Intensität (R&D-Aufwand als Prozent des Umsatzes) von AAPL in FY2024?;8.0%;percent;item_7|item_8_income_stmt;true;n/a;ticker;H2;R&D-Intensität testet Cross-Section-Synthese;;;;Establish R&D expense for Apple in FY2024.|Establish total revenue for Apple in FY2024.|Express R&D expense as a percentage of revenue.
89;FA-2;ratio_compute;MSFT_2024;MSFT_2024;Wie hoch war die R&D-Intensität (R&D als Prozent des Umsatzes) von MSFT in FY2024?;12.0%;percent;item_7|item_8_income_stmt;true;n/a;ticker;H2;R&D-Intensität testet Cross-Section-Synthese;;;;Establish R&D expense for Microsoft in FY2024.|Establish total revenue for Microsoft in FY2024.|Express R&D expense as a percentage of revenue.
90;FA-2;ratio_compute;GOOGL_2024;GOOGL_2024;Wie hoch war die R&D-Intensität (R&D-Aufwand als Prozent des Umsatzes) von Alphabet in FY2024?;14.1%;percent;item_7|item_8_income_stmt;true;n/a;name;H2;R&D-Intensität testet Cross-Section-Synthese;;;;Establish R&D expense for Alphabet in FY2024.|Establish total revenue for Alphabet in FY2024.|Express R&D expense as a percentage of revenue.
91;FA-2;segment_share;AMZN_2024;AMZN_2024;Welchen Anteil am Gesamtumsatz von AMZN hatte das International-Segment in FY2024?;22.4%;percent;item_8_segment|item_7;true;n/a;ticker;H2;Segment-Anteil-Berechnung erweitert um International;;;;Establish the revenue of the segment in question for Amazon in FY2024.|Establish total revenue for Amazon in FY2024.|Express the segment's revenue as a share of the total.
92;FA-2;segment_share;MSFT_2024;MSFT_2024;Welchen Anteil am Gesamtumsatz von Microsoft hatte das Segment Productivity and Business Processes in FY2024?;31.7%;percent;item_8_segment|item_7;true;n/a;name;H2;Zweites MSFT-Segment für tiefere Cross-Section-Analyse;;;;Establish the revenue of the segment in question for Microsoft in FY2024.|Establish total revenue for Microsoft in FY2024.|Express the segment's revenue as a share of the total.
93;FA-2;ratio_compute;AAPL_2024;AAPL_2024;Wie hoch war die Effective Tax Rate von Apple in FY2024?;24.1%;percent;item_8_income_stmt|item_7;true;n/a;name;H2;Effective Tax Rate als zusätzlicher Cross-Section-Vergleich;;;;Establish Provision for Income Taxes for Apple in FY2024.|Establish Income Before Provision for Income Taxes for Apple in FY2024.|Compute the Effective Tax Rate as Provision for Income Taxes divided by Income Before Income Taxes.
94;FA-2;ratio_compute;MSFT_2024;MSFT_2024;Wie hoch war die Effective Tax Rate von MSFT in FY2024?;18.2%;percent;item_8_income_stmt|item_7;true;n/a;ticker;H2;Effective Tax Rate als zusätzlicher Cross-Section-Vergleich;;;;Establish Provision for Income Taxes for Microsoft in FY2024.|Establish Income Before Income Taxes for Microsoft in FY2024.|Compute the Effective Tax Rate as Provision for Income Taxes divided by Income Before Income Taxes.
95;FA-2;segment_margin;MSFT_2024;MSFT_2024;Wie hoch war die Operating Margin des Cloud-Segments (Intelligent Cloud) von Microsoft in FY2023?;43.1%;percent;item_8_segment|item_7;true;n/a;name;H2;Segment-Margin-Berechnung über Vorjahr (für H3-Tool-Use-Vergleich);;;;Establish the revenue of the segment in question for Microsoft in FY2023.|Establish the operating result of that segment for Microsoft in FY2023.|Divide the segment result by the segment revenue to obtain the margin.
96;FA-2;segment_margin;GOOGL_2024;GOOGL_2024;Wie hoch war die Operating Margin des Google-Cloud-Segments von GOOGL in FY2022?;-7.3%;percent;item_8_segment|item_7;true;n/a;ticker;H2;Negative Margin als Edge-Case (FY2022, retrievable aus FY2023-Filing-Vergleichsperiode);;;;Establish the revenue of the segment in question for Alphabet in FY2022.|Establish the operating result of that segment for Alphabet in FY2022.|Divide the segment result by the segment revenue to obtain the margin.
97;FA-2;ratio_compute;AAPL_2024;AAPL_2024;Wie hoch war der Anteil der SG&A-Aufwendungen am Umsatz von Apple in FY2023?;6.5%;percent;item_8_income_stmt|item_7;true;n/a;name;H2;SG&A-Intensität als zusätzliche Cross-Section-Variante;;;;Establish Selling, General and Administrative Expenses for Apple in FY2023.|Establish Total Revenue (Net Sales) for Apple in FY2023.|Compute SG&A Expenses as a percentage of Total Revenue.
98;FA-3;growth_cagr;AAPL_2020|AAPL_2022|AAPL_2024;AAPL_2020+AAPL_2022|AAPL_2024;Wie hoch war die Compound Annual Growth Rate (CAGR) des Umsatzes von Apple von FY2020 bis FY2024?;9.2%;percent;item_8_income_stmt|item_7;true;cagr;name;H2|H3;"Cross-window: (391,035 / 274,515)^(1/4) - 1 = 9.2477% — Quellen: AAPL/10K_2020-10-30.md:407 ; AAPL/10K_2024-11-01.md:471";cross_window;;;Establish revenue for Apple in FY2020.|Establish revenue for Apple in FY2024.|Establish the number of years between FY2020 and FY2024.|Compute the compound annual growth rate from those three quantities.
99;FA-3;growth_cagr;MSFT_2020|MSFT_2022|MSFT_2024;MSFT_2020+MSFT_2022|MSFT_2024;Wie hoch war die Compound Annual Growth Rate (CAGR) des Umsatzes von Microsoft von FY2020 bis FY2024?;14.4%;percent;item_8_income_stmt|item_7;true;cagr;ticker;H2|H3;"Cross-window: (245,122 / 143,015)^(1/4) - 1 = 14.4195% — Quellen: MSFT/10K_2020-07-30.md:957 ; MSFT/10K_2024-07-30.md:875";cross_window;;;Establish revenue for Microsoft in FY2020.|Establish revenue for Microsoft in FY2024.|Establish the number of years between FY2020 and FY2024.|Compute the compound annual growth rate from those three quantities.
100;FA-3;growth_cagr;AMZN_2022|AMZN_2024;AMZN_2022|AMZN_2024|AMZN_2024;Wie hoch war die CAGR des Umsatzes von Amazon von FY2022 bis FY2024?;11.4%;percent;item_7|item_8_income_stmt;true;cagr;name;H2|H3;CAGR über 3 Jahre, mehrstufige Math (stresst Tool-Use);within_window;;;Establish CAGR of revenue for Amazon in FY2022.|Establish CAGR of revenue for Amazon in FY2024.|Establish the number of years between FY2022 and FY2024.|Compute the compound annual growth rate from those three quantities.
101;FA-3;growth_cagr;GOOGL_2022|GOOGL_2024;GOOGL_2022|GOOGL_2024|GOOGL_2024;Wie hoch war die CAGR des Umsatzes von GOOGL von FY2022 bis FY2024?;11.2%;percent;item_7|item_8_income_stmt;true;cagr;ticker;H2|H3;CAGR über 3 Jahre, mehrstufige Math (stresst Tool-Use);within_window;;;Establish CAGR of revenue for Alphabet in FY2022.|Establish CAGR of revenue for Alphabet in FY2024.|Establish the number of years between FY2022 and FY2024.|Compute the compound annual growth rate from those three quantities.
102;FA-3;pp_change;AAPL_2020|AAPL_2022|AAPL_2024;AAPL_2020+AAPL_2022|AAPL_2024;Um wie viele Prozentpunkte hat sich die Operating Margin von Apple von FY2020 auf FY2024 verändert?;+7.4pp;pp_change;item_8_income_stmt|item_7;true;pp_diff;name;H2|H3;"Cross-window: 123,216/391,035 - 66,288/274,515 = 31.51% - 24.15% = +7.3629pp — Quellen: AAPL/10K_2020-10-30.md:859 ; AAPL/10K_2020-10-30.md:407 ; AAPL/10K_2024-11-01.md:727 ; AAPL/10K_2024-11-01.md:471";cross_window;;;Establish percentage points has Operating Margin for Apple in FY2020.|Establish percentage points has Operating Margin for Apple in FY2024.|Express the change in percentage points.
103;FA-3;pp_change;MSFT_2020|MSFT_2022|MSFT_2024;MSFT_2020+MSFT_2022|MSFT_2024;Um wie viele Prozentpunkte hat sich die Operating Margin von Microsoft von FY2020 auf FY2024 verändert?;+7.6pp;pp_change;item_8_income_stmt|item_7;true;pp_diff;ticker;H2|H3;"Cross-window: 109,433/245,122 - 52,959/143,015 = 44.64% - 37.03% = +7.6139pp — Quellen: MSFT/10K_2020-07-30.md:997 ; MSFT/10K_2020-07-30.md:957 ; MSFT/10K_2024-07-30.md:901 ; MSFT/10K_2024-07-30.md:875";cross_window;;;Establish percentage points has Operating Margin for Microsoft in FY2020.|Establish percentage points has Operating Margin for Microsoft in FY2024.|Express the change in percentage points.
104;FA-3;pp_change;AMZN_2020|AMZN_2022|AMZN_2024;AMZN_2020+AMZN_2022|AMZN_2024;Um wie viele Prozentpunkte hat sich die Operating Margin von Amazon von FY2020 auf FY2024 verändert?;+4.8pp;pp_change;item_8_income_stmt|item_7;true;pp_diff;name;H2|H3;"Cross-window: 68,593/637,959 - 22,899/386,064 = 10.75% - 5.93% = +4.8205pp — Quellen: AMZN/10K_2021-02-03.md:1084 ; AMZN/10K_2021-02-03.md:1066 ; AMZN/10K_2025-02-07.md:1024 ; AMZN/10K_2025-02-07.md:1015";cross_window;;;Establish percentage points has Operating Margin for Amazon in FY2020.|Establish percentage points has Operating Margin for Amazon in FY2024.|Express the change in percentage points.
105;FA-3;pp_change;GOOGL_2022|GOOGL_2024;GOOGL_2022+GOOGL_2024|GOOGL_2024;Um wie viele Prozentpunkte hat sich die Operating Margin von GOOGL von FY2022 auf FY2024 verändert?;+5.6pp;pp_change;item_7|item_8_income_stmt;true;pp_diff;ticker;H2|H3;PP-Differenz statt YoY-%, prüft Math-Tool präzise;within_window;;;Establish percentage points has Operating Margin for Alphabet in FY2022.|Establish percentage points has Operating Margin for Alphabet in FY2024.|Express the change in percentage points.
106;FA-3;pp_change;AAPL_2024;AAPL_2024|AAPL_2024;Um wie viele Prozentpunkte hat sich die Gross Margin von AAPL von FY2023 auf FY2024 verändert?;+2.1pp;pp_change;item_8_income_stmt|item_7;true;pp_diff;ticker;H2|H3;PP-Differenz auf Gross-Margin als zusätzliche Variante;within_window;;;Establish Gross Margin for Apple in FY2023.|Establish Gross Margin for Apple in FY2024.|Express the change in percentage points.
107;FA-3;multi_step_compute;MSFT_2020|MSFT_2022|MSFT_2024;MSFT_2020+MSFT_2022|MSFT_2022+MSFT_2024|MSFT_2024;In welchem Geschäftsjahr (FY2020, FY2022 oder FY2024) hatte MSFT die höchste Operating Margin?;FY2024;text;item_8_income_stmt|item_7;true;multi_step;ticker;H2|H3;"Cross-window: FY2020=37.03% ; FY2022=42.06% ; FY2024=44.64% — Quellen: MSFT/10K_2020-07-30.md:997 ; MSFT/10K_2020-07-30.md:957 ; MSFT/10K_2022-07-28.md:1163 ; MSFT/10K_2022-07-28.md:1145 ; MSFT/10K_2024-07-30.md:901 ; MSFT/10K_2024-07-30.md:875";cross_window;;;Establish Operating Margin for Microsoft in FY2020.|Establish Operating Margin for Microsoft in FY2022.|Establish Operating Margin for Microsoft in FY2024.|Compare the values across the periods and name the fiscal year asked for.
108;FA-3;multi_step_compute;AMZN_2022|AMZN_2024;AMZN_2022+AMZN_2024|AMZN_2024|AMZN_2024;In welchem Geschäftsjahr hatte AMZN den höchsten Operating Cash Flow zwischen FY2022 und FY2024?;FY2024;text;item_8_cash_flow;true;multi_step;ticker;H2|H3;Argmax-Aufgabe mit Cash-Flow-Bezug;within_window;;;Establish Operating Cash Flow for Amazon in FY2022.|Establish Operating Cash Flow for Amazon in FY2023.|Establish Operating Cash Flow for Amazon in FY2024.|Compare the values across the periods and name the fiscal year asked for.
109;FA-3;multi_step_compute;AAPL_2024;AAPL_2024;In welchem Geschäftsjahr (FY2022, FY2023 oder FY2024) erzielte Apple das höchste Nettoergebnis?;FY2022;text;item_8_income_stmt|item_7;true;multi_step;name;H2|H3;"Argmax über drei Geschäftsjahre in den Vergleichsspalten eines Berichts; Antwort bewusst nicht FY2024.";within_window;;;Establish Net Income for Apple in FY2022.|Establish Net Income for Apple in FY2023.|Establish Net Income for Apple in FY2024.|Compare the values across the periods and name the fiscal year asked for.
110;FA-3;multi_step_compute;GOOGL_2022|GOOGL_2024;GOOGL_2022|GOOGL_2024|GOOGL_2024;Wie viele Geschäftsjahre in Folge ist der Umsatz von Alphabet zwischen FY2022 und FY2024 gewachsen?;2;count;item_7|item_8_income_stmt;true;multi_step;name;H2|H3;Sequenzanalyse über 3 Jahre, multi-step;within_window;;;Establish total revenue for Alphabet in FY2022.|Establish total revenue for Alphabet in FY2023.|Establish total revenue for Alphabet in FY2024.|Determine for each year whether revenue grew over the previous one.|Count the consecutive years of growth.
111;FA-4;max_min;AAPL_2024|MSFT_2024|GOOGL_2024;AAPL_2024|MSFT_2024|GOOGL_2024;Welches der 3 Unternehmen (AAPL, MSFT, GOOGL) hatte die höchsten R&D-Aufwendungen in FY2024?;GOOGL ($49.3 Mrd);USD_billion;item_8_income_stmt|item_7;true;n/a;ticker;H1|H3;Argmax R&D über alle 3 als Cross-Doc-Synthese — Amazon raus, da dessen Technology-and-Infrastructure-Zeile nicht rein als R&D ausgewiesen ist;;;;Establish R&D expenses for Apple in FY2024.|Establish R&D expenses for Microsoft in FY2024.|Establish R&D expenses for Alphabet in FY2024.|Compare the figures and name the company asked for.
112;FA-4;max_min;AAPL_2024|AMZN_2024|GOOGL_2024|MSFT_2024;AAPL_2024|MSFT_2024|AMZN_2024|GOOGL_2024;Welches der 4 Unternehmen (AAPL, MSFT, AMZN, GOOGL) hatte den höchsten Free Cash Flow in FY2024?;AAPL ($108.8 Mrd);USD_billion;item_8_cash_flow|item_7;true;n/a;ticker;H1|H3;Argmax FCF, prüft FCF-Synthese aus Cash-Flow + MD&A;;;;Establish Free Cash Flow for Apple in FY2024.|Establish Free Cash Flow for Amazon in FY2024.|Establish Free Cash Flow for Alphabet in FY2024.|Establish Free Cash Flow for Microsoft in FY2024.|Compare the figures and name the company asked for.
113;FA-4;max_min;AAPL_2024|AMZN_2024|GOOGL_2024|MSFT_2024;AAPL_2024|MSFT_2024|AMZN_2024|GOOGL_2024;Welches der 4 Unternehmen hatte die höchsten Capital Expenditures in FY2024?;AMZN ($83.0 Mrd);USD_billion;item_8_cash_flow;true;n/a;name;H1|H3;Argmax CapEx, gibt AWS-Investment-Thema;;;;Establish Capital Expenditures for Apple in FY2024.|Establish Capital Expenditures for Amazon in FY2024.|Establish Capital Expenditures for Alphabet in FY2024.|Establish Capital Expenditures for Microsoft in FY2024.|Compare the figures and name the company asked for.
114;FA-4;max_min;AAPL_2024|AMZN_2024|GOOGL_2024|MSFT_2024;AAPL_2024|MSFT_2024|AMZN_2024|GOOGL_2024;Welches der 4 Unternehmen (Apple, Microsoft, Amazon, Alphabet) hatte die meisten Mitarbeiter zum Ende von FY2024?;AMZN (~1.56 Mio);count;item_1;true;n/a;name;H1|H3;Argmax Mitarbeiter aus Item 1 (Business);;;;Establish employees for Apple in FY2024.|Establish employees for Amazon in FY2024.|Establish employees for Alphabet in FY2024.|Establish employees for Microsoft in FY2024.|Compare the figures and name the company asked for.
115;FA-4;cross_firm_pairwise;AAPL_2024|MSFT_2024;AAPL_2024|MSFT_2024;Wer hatte die höhere Stock-Based Compensation in FY2024, AAPL oder MSFT?;AAPL (~$11.7 Mrd > MSFT ~$10.7 Mrd);USD_billion;item_8_cash_flow|item_8_income_stmt;true;n/a;ticker;H1|H3;SBC-Vergleich, Edge-Case bei sehr nahen Werten;;;;Establish Stock-Based Compensation for Apple in FY2024.|Establish Stock-Based Compensation for Microsoft in FY2024.|Compare the figures and name the company asked for.
116;FA-4;cross_firm_diff;GOOGL_2024|MSFT_2024;MSFT_2024|GOOGL_2024;Wie viel höher war das Operating Income von GOOGL gegenüber MSFT in FY2024?;+$3.0 Mrd;USD_billion;item_8_income_stmt|item_7;true;n/a;ticker;H1|H3;Numerische Differenz, prüft Subtraktion und Vorzeichen;;;;Establish Operating Income for Alphabet in FY2024.|Establish Operating Income for Microsoft in FY2024.|Compute the difference between the figures.
117;FA-4;cross_firm_pairwise;AMZN_2024|GOOGL_2024;AMZN_2024|GOOGL_2024;Wer hatte die höhere Effective Tax Rate in FY2024, Amazon oder Alphabet?;GOOGL (~16.4% > AMZN ~13.5%);percent;item_8_income_stmt|item_7;true;n/a;name;H1|H3;Tax-Rate-Vergleich als weniger triviale KPI;;;;Establish Effective Tax Rate for Amazon in FY2024.|Establish Effective Tax Rate for Alphabet in FY2024.|Compare the figures and name the company asked for.
118;FA-4;cross_firm_pairwise_growth;AAPL_2024|GOOGL_2024;AAPL_2024|AAPL_2024|GOOGL_2024|GOOGL_2024;Wer hatte das höhere YoY-Wachstum bei R&D-Aufwendungen von FY2023 auf FY2024, AAPL oder GOOGL?;GOOGL (+8.6% > AAPL +4.9%);percent;item_8_income_stmt|item_7;true;n/a;ticker;H1|H3;Cross-Firm-Wachstumsvergleich auf R&D;;;;Establish R&D expenses for Apple in FY2023.|Establish R&D expenses for Apple in FY2024.|Establish R&D expenses for Alphabet in FY2023.|Establish R&D expenses for Alphabet in FY2024.|Compute the growth rate for each company.|Compare the growth rates and name the company asked for.
119;FA-4;cross_firm_pairwise;AAPL_2024|GOOGL_2024;AAPL_2024|GOOGL_2024;Wer hatte das höhere Net Income in FY2024, Apple oder Alphabet?;GOOGL ($100.1 Mrd > AAPL $93.7 Mrd);USD_billion;item_8_income_stmt|item_7;true;n/a;name;H1|H3;Klassischer Pairwise-Vergleich, AAPL vs GOOGL noch nicht abgedeckt;;;;Establish Net Income for Apple in FY2024.|Establish Net Income for Alphabet in FY2024.|Compare the figures and name the company asked for.
120;FA-4;cloud_comparison;AMZN_2024|GOOGL_2024;AMZN_2024|GOOGL_2024;Cloud-Segment: Wer hatte den höheren Umsatz in FY2024, AMZN mit AWS oder GOOGL mit Google Cloud?;AWS ($107.6 Mrd > Google Cloud $43.2 Mrd);USD_billion;item_8_segment|item_7;true;n/a;ticker;H1|H3;Cloud-Vergleich AWS vs Google Cloud (noch nicht abgedeckt);;;;Establish AWS segment revenue for Amazon in FY2024.|Establish Google Cloud segment revenue for Alphabet in FY2024.|Compare the figures and name the company asked for.
121;FA-Refusal;not_in_corpus;AAPL_2024;AAPL_2024;Wie hoch war der Umsatz von Apple im Q1 FY2024?;;n/a;;false;n/a;name;;Quartalswerte nicht in 10-K (nur Jahreswerte);;silent;"Das 10-K berichtet ausschliesslich Geschaeftsjahreswerte; fuer AAPL FY2024 sind keine Quartalszahlen enthalten.";
122;FA-Refusal;not_in_corpus;AAPL_2024|MSFT_2024;AAPL_2024|MSFT_2024;Wie hoch war das Net Income von NVIDIA in FY2024?;;n/a;;false;n/a;name;;NVIDIA außerhalb des Sektor-Scopes (4-Firmen-Korpus);;out_of_scope;NVIDIA gehoert nicht zum Korpus (AAPL, MSFT, AMZN, GOOGL).;
123;FA-Refusal;not_in_corpus;GOOGL_2024;GOOGL_2024;Wie hoch war der Werbeumsatz von META in FY2024?;;n/a;;false;n/a;name;;META außerhalb des Korpus, obwohl thematisch ähnlich (Werbung);;out_of_scope;META gehoert nicht zum Korpus (AAPL, MSFT, AMZN, GOOGL).;
124;FA-Refusal;not_in_corpus;MSFT_2022|MSFT_2024;MSFT_2022+MSFT_2024|MSFT_2024|MSFT_2024;Wie hoch war das Net Income von MSFT in FY2017?;;n/a;;false;n/a;ticker;;"FY2017 liegt vor dem Korpus-Beginn (FY2020 ist das frueheste Filing; Vergleichsspalten reichen bis FY2018)";;out_of_scope;"FY2017 liegt ausserhalb des Korpus; das aelteste MSFT-Filing (FY2020) reicht ueber seine Vergleichsspalten nur bis FY2018 zurueck.";
125;FA-Refusal;not_in_corpus;AAPL_2024;AAPL_2024;Wie hoch war AAPLs Umsatz im ersten Halbjahr (H1) von FY2024?;;n/a;;false;n/a;ticker;;H1-Werte nicht in 10-K (nur Voll-Jahres-Werte);;silent;Das 10-K berichtet keine Halbjahreswerte, nur Geschaeftsjahreswerte.;
126;FA-Refusal;not_in_corpus;AMZN_2024;AMZN_2024;Was berichtete AMZN in seinem 8-K-Filing vom März 2024?;;n/a;;false;n/a;ticker;;8-K-Filings nicht im Korpus (nur 10-K);;out_of_scope;Der Korpus enthaelt ausschliesslich 10-K-Jahresberichte, keine 8-K-Filings.;
127;FA-Refusal;not_in_corpus;GOOGL_2024;GOOGL_2024;Wie hoch war GOOGLs Cash Position zum 30. Juni 2024?;;n/a;;false;n/a;ticker;;Mid-Year-Werte nicht in 10-K (nur Fiscal-Year-End);;silent;Das 10-K weist Bilanzwerte zum Geschaeftsjahresende aus (GOOGL: 31.12.), keine Zwischenstaende zum 30.06.;
128;FA-Refusal;not_in_corpus;AAPL_2024;AAPL_2024;Wie viele iPhone-Einheiten hat Apple in FY2024 verkauft?;;n/a;;false;n/a;name;;Apple meldet seit 2018 keine Stückzahlen mehr separat;;silent;Das Filing weist keine iPhone-Stueckzahlen aus.;
129;FA-Refusal;not_in_corpus;AMZN_2024;AMZN_2024;Wie hoch ist der Marktanteil von AWS im globalen Cloud-Markt laut Amazons 10-K FY2024?;;n/a;;false;n/a;name;;10-K macht keine Marktanteilsangaben (Wettbewerbsdaten);;silent;Das Filing macht keine Marktanteilsangaben fuer AWS.;
130;FA-Refusal;not_in_corpus;MSFT_2024;MSFT_2024;Wer ist laut MSFTs 10-K FY2024 der größte einzelne Konkurrent von MSFT?;;n/a;;false;n/a;ticker;;10-K listet Wettbewerb nur generisch, keine 'größter Konkurrent'-Aussage;;silent;"Das Filing benennt keinen groessten Einzelkonkurrenten; Wettbewerb wird nur generisch beschrieben.";
131;FA-Refusal;false_premise;AAPL_2024;AAPL_2024;Wie hoch war der Verlust von Apple in FY2024?;;n/a;;false;n/a;name;;Apple hatte FY2024 keinen Verlust, sondern $93.7 Mrd Net Income;;counter_evidence;Apple wies FY2024 einen Gewinn aus: Net Income $93,736 Mio (AAPL, FY2024, Financial Statements) - keinen Verlust.;
132;FA-Refusal;false_premise;AMZN_2024;AMZN_2024;Wie viel Dividende hat AMZN in FY2024 pro Aktie ausgeschüttet?;;n/a;;false;n/a;ticker;;Amazon zahlt keine Dividende;;silent;Das Filing weist keine Dividendenzahlung aus. Eine Aussage, Amazon zahle grundsaetzlich keine Dividende, ist aus dem Korpus nicht belegbar.;
133;FA-Refusal;false_premise;MSFT_2024;MSFT_2024;Welcher Prozentsatz der MSFT-Mitarbeiter ist in Deutschland tätig?;;n/a;;false;n/a;ticker;;10-K bricht Mitarbeiter nicht nach Ländern auf, nur US/Non-US;;silent;Das Filing nennt die Gesamtbelegschaft (rund 228.000), enthaelt aber keine Aufschluesselung nach Laendern.;
134;FA-Refusal;false_premise;GOOGL_2024;GOOGL_2024;Wie hat sich Alphabets Hardware-Umsatz von FY2022 bis FY2024 entwickelt?;;n/a;;false;n/a;name;;Alphabet weist keinen separaten 'Hardware-Umsatz' aus (Pixel ist in Google Services);;counter_evidence;"Alphabet weist keine separate Hardware-Umsatzlinie aus; Geraete werden unter 'Google subscriptions, platforms, and devices' berichtet.";
135;FA-Refusal;false_premise;AAPL_2024;AAPL_2024;Wie hoch war AAPLs Cloud-Service-Umsatz in FY2024?;;n/a;;false;n/a;ticker;;Apple meldet 'Services' aggregiert, kein separates 'Cloud-Service'-Segment;;counter_evidence;"Apple weist keine separate Cloud-Service-Umsatzlinie aus; berichtet wird die Kategorie 'Services' ($96,169 Mio FY2024).";
136;FA-Refusal;false_premise;MSFT_2024;MSFT_2024;Welche Akquisitionen hat MSFT in FY2024 mit einem Volumen über $80 Mrd getätigt?;;n/a;;false;n/a;ticker;;"Größte MSFT-Akquisition in FY2024 war Activision Blizzard ($75.4 Mrd, Closing 13.10.2023) — liegt unter der genannten $80-Mrd-Schwelle; testet Erkennen einer falschen Zahlenbehauptung in real zugänglichen Daten (nicht nur Korpus-Zeitraum-Ablehnung wie ids 124/125/127)";;counter_evidence;Die groesste Akquisition war Activision Blizzard mit einem Gesamtkaufpreis von $75.4 Mrd - unterhalb der in der Frage unterstellten $80 Mrd.;
137;FA-Refusal;false_premise;GOOGL_2024;GOOGL_2024;Wann hat GOOGL im FY2024 einen Aktiensplit durchgeführt?;;n/a;;false;n/a;ticker;;Alphabet-Split war Juli 2022, nicht FY2024;;silent;Das Filing erwaehnt keinen Aktiensplit in FY2024. Eine Aussage, es habe keinen Split gegeben, ist aus dem Korpus nicht belegbar.;
138;FA-Refusal;false_premise;AAPL_2024;AAPL_2024;Wie viele neue Apple Stores wurden in FY2024 weltweit eröffnet?;;n/a;;false;n/a;name;;10-K macht keine Store-Count-Angaben (operative Detail);;silent;Das Filing weist keine Zahl neu eroeffneter Apple Stores aus.;
139;FA-Refusal;false_premise;MSFT_2024;MSFT_2024;Welcher Bruttomarge-Verlust trat im Microsoft-Cloud-Segment in FY2024 auf?;;n/a;;false;n/a;name;;Microsoft Cloud erwirtschaftete Gewinn, keinen Verlust;;counter_evidence;Das Filing berichtet fuer die Microsoft Cloud einen leichten Anstieg der Gross-Margin-Quote, keinen Bruttomargen-Verlust.;
140;FA-Refusal;false_premise;AMZN_2024;AMZN_2024;Wie hoch waren die Werbeeinnahmen von Apple im AMZN-10-K von FY2024?;;n/a;;false;n/a;name;;Falsche Prämisse: Apple-Daten sind nicht in Amazons 10-K enthalten;;counter_evidence;"Das AMZN-10-K weist Amazons eigene 'advertising services'-Umsaetze aus; Apples Werbeumsaetze sind darin nicht enthalten.";
141;FA-Refusal;ambiguous_entity;AAPL_2024|AMZN_2024|GOOGL_2024|MSFT_2024;AAPL_2024|MSFT_2024|AMZN_2024|GOOGL_2024;Wie hoch war der Umsatz im letzten Geschäftsjahr?;;n/a;;false;n/a;none;;Weder Firma noch Jahr explizit, 4 Firmen × 3 Jahre möglich;;underspecified;"Unternehmen nicht spezifiziert; zusaetzlich ist 'letztes Geschaeftsjahr' bei vier Unternehmen mit unterschiedlichen Stichtagen nicht eindeutig.";
142;FA-Refusal;ambiguous_entity;AAPL_2024|AMZN_2024|GOOGL_2024|MSFT_2024;AAPL_2024|MSFT_2024|AMZN_2024|GOOGL_2024;Wie performte das Cloud-Geschäft in FY2024?;;n/a;;false;n/a;none;;Cloud bei MSFT, AMZN und GOOGL existent — Firma fehlt;;underspecified;"Unternehmen nicht spezifiziert; MSFT, AMZN und GOOGL berichten jeweils ein Cloud-Geschaeft.";
143;FA-Refusal;ambiguous_entity;AAPL_2024|AMZN_2024|GOOGL_2024|MSFT_2024;AAPL_2024|MSFT_2024|AMZN_2024|GOOGL_2024;Wie viel CapEx wurde investiert?;;n/a;;false;n/a;none;;Firma und Jahr fehlen, CapEx in allen 4 Berichten anders;;underspecified;Weder Unternehmen noch Geschaeftsjahr spezifiziert.;
144;FA-Refusal;ambiguous_entity;AAPL_2024|AMZN_2024|GOOGL_2024|MSFT_2024;AAPL_2024|MSFT_2024|AMZN_2024|GOOGL_2024;Wie hoch war die Operating Margin?;;n/a;;false;n/a;none;;Firma und Jahr fehlen;;underspecified;Weder Unternehmen noch Geschaeftsjahr spezifiziert.;
145;FA-Refusal;ambiguous_entity;AAPL_2024|AMZN_2024|GOOGL_2024|MSFT_2024;AAPL_2024|MSFT_2024|AMZN_2024|GOOGL_2024;Welche Firma hatte das stärkste Wachstum?;;n/a;;false;n/a;none;;'Wachstum' welcher Metrik? Welcher Zeitraum?;;underspecified;Geschaeftsjahr und Wachstumsgroesse (Umsatz, Gewinn, ...) nicht spezifiziert.;
146;FA-Refusal;ambiguous_entity;AAPL_2024|AMZN_2024|GOOGL_2024|MSFT_2024;AAPL_2024|MSFT_2024|AMZN_2024|GOOGL_2024;Wie hat sich das Geschäft entwickelt?;;n/a;;false;n/a;none;;Komplett unspezifisch;;underspecified;Unternehmen, Geschaeftsjahr und Kennzahl nicht spezifiziert.;
147;FA-Refusal;ambiguous_entity;AAPL_2024|AMZN_2024|GOOGL_2024|MSFT_2024;AAPL_2024|MSFT_2024|AMZN_2024|GOOGL_2024;Wie hoch war der Cashflow?;;n/a;;false;n/a;none;;Welche Firma, welcher Cashflow-Typ (Operating/Investing/Financing)?;;underspecified;"Unternehmen und Geschaeftsjahr nicht spezifiziert; zusaetzlich offen, welcher Cashflow gemeint ist (operativ, investiv, Finanzierung).";
148;FA-Refusal;ambiguous_entity;AAPL_2024|AMZN_2024|GOOGL_2024|MSFT_2024;AAPL_2024|MSFT_2024|AMZN_2024|GOOGL_2024;Was ist das wichtigste Risiko laut dem Bericht?;;n/a;;false;n/a;none;;Welche Firma? Welches Jahr? 4×3=12 mögliche Berichte;;underspecified;"Unternehmen und Geschaeftsjahr nicht spezifiziert; die Filings priorisieren Risikofaktoren zudem nicht.";
149;FA-Refusal;ambiguous_entity;AAPL_2024|AMZN_2024|GOOGL_2024|MSFT_2024;AAPL_2024|MSFT_2024|AMZN_2024|GOOGL_2024;Wie hoch war der Anteil der Werbeumsätze am Gesamtumsatz?;;n/a;;false;n/a;none;;Werbung primär bei GOOGL (76%), AMZN (Ads-Segment), MSFT (Bing) — Firma fehlt;;underspecified;Unternehmen und Geschaeftsjahr nicht spezifiziert.;
150;FA-Refusal;ambiguous_entity;AAPL_2024|AMZN_2024|GOOGL_2024|MSFT_2024;AAPL_2024|AMZN_2024|GOOGL_2024|MSFT_2024;Welches Unternehmen hatte den höheren Umsatz?;;n/a;;false;n/a;none;;Firmen und Jahr fehlen — unklar, welche zwei verglichen werden sollen;;underspecified;Die zu vergleichenden Unternehmen und das Geschaeftsjahr sind nicht spezifiziert.;
